Del Sol Sku,Silverscreen Sku,Primary Vendor Sku,Primary Vendor,Item Description,Del Sol Color,Primary Vendor Color,Status
10108BLN,1010-2XL,PC54-2XL,SanMar,M Crew Tee,White,White,Pick
10109BLN,1010-3XL,PC54-3XL,SanMar,M Crew Tee,White,White,Pick
10106BLN,1010-L,PC54-L,SanMar,M Crew Tee,White,White,Pick
10105BLN,1010-M,PC54-M,SanMar,M Crew Tee,White,White,Pick
10104BLN,1010-S,PC54-S,SanMar,M Crew Tee,White,White,Pick
10107BLN,1010-XL,PC54-XL,SanMar,M Crew Tee,White,White,Pick
10388BLN,1038-2XL,PC54-2XL,SanMar,M Crew Tee,Navy,Navy,Pick
10389BLN,1038-3XL,PC54-3XL,SanMar,M Crew Tee,Navy,Navy,Pick
10386BLN,1038-L,PC54-L,SanMar,M Crew Tee,Navy,Navy,Pick
10385BLN,1038-M,PC54-M,SanMar,M Crew Tee,Navy,Navy,Pick
10384BLN,1038-S,PC54-S,SanMar,M Crew Tee,Navy,Navy,Pick
10387BLN,1038-XL,PC54-XL,SanMar,M Crew Tee,Navy,Navy,Pick
10488BLN,1048-2XL,PC54-2XL,SanMar,M Crew Tee,Black,Jet Black,Pick
10489BLN,1048-3XL,PC54-3XL,SanMar,M Crew Tee,Black,Jet Black,Pick
10486BLN,1048-L,PC54-L,SanMar,M Crew Tee,Black,Jet Black,Pick
10485BLN,1048-M,PC54-M,SanMar,M Crew Tee,Black,Jet Black,Pick
10484BLN,1048-S,PC54-S,SanMar,M Crew Tee,Black,Jet Black,Pick
10487BLN,1048-XL,PC54-XL,SanMar,M Crew Tee,Black,Jet Black,Pick
10518BLN,1051-2XL,PC54-2XL,SanMar,M Crew Tee,Ash,Ash,Pick
10519BLN,1051-3XL,PC54-3XL,SanMar,M Crew Tee,Ash,Ash,Pick
10516BLN,1051-L,PC54-L,SanMar,M Crew Tee,Ash,Ash,Pick
10515BLN,1051-M,PC54-M,SanMar,M Crew Tee,Ash,Ash,Pick
10514BLN,1051-S,PC54-S,SanMar,M Crew Tee,Ash,Ash,Pick
10517BLN,1051-XL,PC54-XL,SanMar,M Crew Tee,Ash,Ash,Pick
2D10EBLN,2D10-2T,CAR54T-2T,SanMar,T Crew Tee,White,White,Pick
2D10FBLN,2D10-3T,CAR54T-3T,SanMar,T Crew Tee,White,White,Pick
2D10GBLN,2D10-4T,CAR54T-4T,SanMar,T Crew Tee,White,White,Pick
2D103BLN,2D10-YL,PC54Y-L,SanMar,FJ Crew Tee,White,White,Pick
2D102BLN,2D10-YM,PC54Y-M,SanMar,FJ Crew Tee,White,White,Pick
2D101BLN,2D10-YS,PC54Y-S,SanMar,FJ Crew Tee,White,White,Pick
2D10YBLN,2D10-YXL,PC54Y-XL,SanMar,FJ Crew Tee,White,White,Pick
2D100BLN,2D10-YXS,PC54Y-XS,SanMar,FJ Crew Tee,White,White,Pick
2D383BLN,2D38-YL,PC54Y-L,SanMar,FJ Crew Tee,Navy,Navy,Pick
2D382BLN,2D38-YM,PC54Y-M,SanMar,FJ Crew Tee,Navy,Navy,Pick
2D381BLN,2D38-YS,PC54Y-S,SanMar,FJ Crew Tee,Navy,Navy,Pick
2D384BLN,2D38-YXL,PC54Y-XL,SanMar,FJ Crew Tee,Navy,Navy,Pick
2D380BLN,2D38-YXS,PC54Y-XS,SanMar,FJ Crew Tee,Navy,Navy,Pick
2D483BLN,2D48-YL,PC54Y-L,SanMar,FJ Crew Tee,Black,Black,Pick
2D482BLN,2D48-YM,PC54Y-M,SanMar,FJ Crew Tee,Black,Black,Pick
2D481BLN,2D48-YS,PC54Y-S,SanMar,FJ Crew Tee,Black,Black,Pick
2D48YBLN,2D48-YXL,PC54Y-XL,SanMar,FJ Crew Tee,Black,Black,Pick
2D480BLN,2D48-YXS,PC54Y-XS,SanMar,FJ Crew Tee,Black,Black,Pick
2D513BLN,2D51-YL,PC54Y-L,SanMar,FJ Crew Tee,Ash,Ash,Pick
2D512BLN,2D51-YM,PC54Y-M,SanMar,FJ Crew Tee,Ash,Ash,Pick
2D511BLN,2D51-YS,PC54Y-S,SanMar,FJ Crew Tee,Ash,Ash,Pick
2D51YBLN,2D51-YXL,PC54Y-XL,SanMar,FJ Crew Tee,Ash,Ash,Pick
2D510BLN,2D51-YXS,PC54Y-XS,SanMar,FJ Crew Tee,Ash,Ash,Pick
3U108BLN,3U10-2XL,LPC54-2XL,SanMar,Women FJ Crew T,White,White,Pick
3U106BLN,3U10-L,LPC54-L,SanMar,Women FJ Crew T,White,White,Pick
3U105BLN,3U10-M,LPC54-M,SanMar,Women FJ Crew T,White,White,Pick
3U104BLN,3U10-S,LPC54-S,SanMar,Women FJ Crew T,White,White,Pick
3U107BLN,3U10-XL,LPC54-XL,SanMar,Women FJ Crew T,White,White,Pick
3U388BLN,3U38-2XL,LPC54-2XL,SanMar,Women FJ Crew T,Navy,Navy,Pick
3U386BLN,3U38-L,LPC54-L,SanMar,Women FJ Crew T,Navy,Navy,Pick
3U385BLN,3U38-M,LPC54-M,SanMar,Women FJ Crew T,Navy,Navy,Pick
3U384BLN,3U38-S,LPC54-S,SanMar,Women FJ Crew T,Navy,Navy,Pick
3U387BLN,3U38-XL,LPC54-XL,SanMar,Women FJ Crew T,Navy,Navy,Pick
3U488BLN,3U48-2XL,LPC54-2XL,SanMar,Women FJ Crew T,Black,Black,Pick
3U486BLN,3U48-L,LPC54-L,SanMar,Women FJ Crew T,Black,Black,Pick
3U485BLN,3U48-M,LPC54-M,SanMar,Women FJ Crew T,Black,Black,Pick
3U484BLN,3U48-S,LPC54-S,SanMar,Women FJ Crew T,Black,Black,Pick
3U487BLN,3U48-XL,LPC54-XL,SanMar,Women FJ Crew T,Black,Black,Pick
3U518BLN,3U51-2XL,LPC54-2XL,SanMar,Women FJ Crew T,Ash,Ash,Pick
3U516BLN,3U51-L,LPC54-L,SanMar,Women FJ Crew T,Ash,Ash,Pick
3U515BLN,3U51-M,LPC54-M,SanMar,Women FJ Crew T,Ash,Ash,Pick
3U514BLN,3U51-S,LPC54-S,SanMar,Women FJ Crew T,Ash,Ash,Pick
3U517BLN,3U51-XL,LPC54-XL,SanMar,Women FJ Crew T,Ash,Ash,Pick
3X488BLN,3X48-2XL,6926-2XL,LAT Apparel,M Hoodie,Black,Black,Custom
3X489BLN,3X48-3XL,6926-3XL,LAT Apparel,M Hoodie,Black,Black,Custom
3X486BLN,3X48-L,6926-L,LAT Apparel,M Hoodie,Black,Black,Custom
3X485BLN,3X48-M,6926-M,LAT Apparel,M Hoodie,Black,Black,Custom
3X484BLN,3X48-S,6926-S,LAT Apparel,M Hoodie,Black,Black,Custom
3X487BLN,3X48-XL,6926-XL,LAT Apparel,M Hoodie,Black,Black,Custom
4G678BLN,4G67-2XL,6210-2XL,Next Level,M Crew T,Ice Blue,Ice Blue,Pick
4G679BLN,4G67-3XL,6210-3XL,Next Level,M Crew T,Ice Blue,Ice Blue,Pick
4G676BLN,4G67-L,6210-L,Next Level,M Crew T,Ice Blue,Ice Blue,Pick
4G675BLN,4G67-M,6210-M,Next Level,M Crew T,Ice Blue,Ice Blue,Pick
4G674BLN,4G67-S,6210-S,Next Level,M Crew T,Ice Blue,Ice Blue,Pick
4G677BLN,4G67-XL,6210-XL,Next Level,M Crew T,Ice Blue,Ice Blue,Pick
4I678BLN,4I67-2XL,6610-2XL,Next Level,W Crew T,Ice Blue,Ice Blue,Pick
4I676BLN,4I67-L,6610-L,Next Level,W Crew T,Ice Blue,Ice Blue,Pick
4I675BLN,4I67-M,6610-M,Next Level,W Crew T,Ice Blue,Ice Blue,Pick
4I674BLN,4I67-S,6610-S,Next Level,W Crew T,Ice Blue,Ice Blue,Pick
4I677BLN,4I67-XL,6610-XL,Next Level,W Crew T,Ice Blue,Ice Blue,Pick
4I673BLN,4I67-YL,3312-L,Next Level,FJ Crew Tee,Ice Blue,Ice Blue,Pick
4I672BLN,4I67-YM,3312-M,Next Level,FJ Crew Tee,Ice Blue,Ice Blue,Pick
4I671BLN,4I67-YS,3312-S,Next Level,FJ Crew Tee,Ice Blue,Ice Blue,Pick
4I670BLN,4I67-YXS,3312-XS,Next Level,FJ Crew Tee,Ice Blue,Ice Blue,Pick
4S118BLN,4S11-2XL,3516-2XL,LAT Apparel,Women Boyfriend T,Natural,Natural,Custom
4S116BLN,4S11-L,3516-L,LAT Apparel,Women Boyfriend T,Natural,Natural,Custom
4S115BLN,4S11-M,3516-M,LAT Apparel,Women Boyfriend T,Natural,Natural,Custom
4S114BLN,4S11-S,3516-S,LAT Apparel,Women Boyfriend T,Natural,Natural,Custom
4S117BLN,4S11-XL,3516-XL,LAT Apparel,Women Boyfriend T,Natural,Natural,Custom
4T128BLN,4T12-2XL,3516-2XL,LAT Apparel,Women Boyfriend T,Indigo,Denim,Custom
4T126BLN,4T12-L,3516-L,LAT Apparel,Women Boyfriend T,Indigo,Denim,Custom
4T125BLN,4T12-M,3516-M,LAT Apparel,Women Boyfriend T,Indigo,Denim,Custom
4T124BLN,4T12-S,3516-S,LAT Apparel,Women Boyfriend T,Indigo,Denim,Custom
4T127BLN,4T12-XL,3516-XL,LAT Apparel,Women Boyfriend T,Indigo,Denim,Custom
4T938BLN,4T93-2XL,3516-2XL,LAT Apparel,Women Boyfriend T,Natural Heather,Natural Heather,Custom
4T936BLN,4T93-L,3516-L,LAT Apparel,Women Boyfriend T,Natural Heather,Natural Heather,Custom
4T935BLN,4T93-M,3516-M,LAT Apparel,Women Boyfriend T,Natural Heather,Natural Heather,Custom
4T934BLN,4T93-S,3516-S,LAT Apparel,Women Boyfriend T,Natural Heather,Natural Heather,Custom
4T937BLN,4T93-XL,3516-XL,LAT Apparel,Women Boyfriend T,Natural Heather,Natural Heather,Custom
4U118BLN,4U11-2XL,6901-2XL,LAT Apparel,M Crew Tee,Natural,Natural,Custom
4U119BLN,4U11-3XL,6901-3XL,LAT Apparel,M Crew Tee,Natural,Natural,Custom
4U116BLN,4U11-L,6901-L,LAT Apparel,M Crew Tee,Natural,Natural,Custom
4U115BLN,4U11-M,6901-M,LAT Apparel,M Crew Tee,Natural,Natural,Custom
4U114BLN,4U11-S,6901-S,LAT Apparel,M Crew Tee,Natural,Natural,Custom
4U117BLN,4U11-XL,6901-XL,LAT Apparel,M Crew Tee,Natural,Natural,Custom
4V938BLN,4V93-2XL,6901-2XL,LAT Apparel,M Crew Tee,Natural Heather,Natural Heather,Custom
4V939BLN,4V93-3XL,6901-3XL,LAT Apparel,M Crew Tee,Natural Heather,Natural Heather,Custom
4V936BLN,4V93-L,6901-L,LAT Apparel,M Crew Tee,Natural Heather,Natural Heather,Custom
4V935BLN,4V93-M,6901-M,LAT Apparel,M Crew Tee,Natural Heather,Natural Heather,Custom
4V934BLN,4V93-S,6901-S,LAT Apparel,M Crew Tee,Natural Heather,Natural Heather,Custom
4V937BLN,4V93-XL,6901-XL,LAT Apparel,M Crew Tee,Natural Heather,Natural Heather,Custom
4Z023BLN,4Z02-YL,6101-L,LAT Apparel,FJ Crew Tee,Natural,Natural,Custom
4Z022BLN,4Z02-YM,6101-M,LAT Apparel,FJ Crew Tee,Natural,Natural,Custom
4Z021BLN,4Z02-YS,6101-S,LAT Apparel,FJ Crew Tee,Natural,Natural,Custom
4Z020BLN,4Z02-YXS,6101-XS,LAT Apparel,FJ Crew Tee,Natural,Natural,Custom
5F12EBLN,5F12-2T,3321-2T,LAT Apparel,T Crew Tee,Chill,Chill,Custom
5F12FBLN,5F12-3T,3321-3T,LAT Apparel,T Crew Tee,Chill,Chill,Custom
5F12GBLN,5F12-4T,3321-4T,LAT Apparel,T Crew Tee,Chill,Chill,Custom
5F12HBLN,5F12-5/6T,3321 - 5/6T,LAT Apparel,T Crew Tee,Chill,Chill,Custom
5G51EBLN,5G51-2T,3321-2T,LAT Apparel,T Crew Tee,Ash,Ash,Pick
5G51FBLN,5G51-3T,3321-3T,LAT Apparel,T Crew Tee,Ash,Ash,Pick
5G51GBLN,5G51-4T,3321-4T,LAT Apparel,T Crew Tee,Ash,Ash,Pick
5G51HBLN,5G51-5/6T,3321 - 5/6T,LAT Apparel,T Crew Tee,Ash,Ash,Pick
5H51EBLN,5H51-2T,3321-2T,LAT Apparel,T Crew Tee,Natural,Natural,Custom
5H51FBLN,5H51-3T,3321-3T,LAT Apparel,T Crew Tee,Natural,Natural,Custom
5H51GBLN,5H51-4T,3321-4T,LAT Apparel,T Crew Tee,Natural,Natural,Custom
5H51HBLN,5H51-5/6T,3321 - 5/6T,LAT Apparel,T Crew Tee,Natural,Natural,Custom
5I46EBLN,5I46-2T,3321-2T,LAT Apparel,T Crew Tee,Balrna,Balerina,Custom
5I46FBLN,5I46-3T,3321-3T,LAT Apparel,T Crew Tee,Balrna,Balerina,Custom
5I46GBLN,5I46-4T,3321-4T,LAT Apparel,T Crew Tee,Balrna,Balerina,Custom
5I46HBLN,5I46-5/6T,3321 - 5/6T,LAT Apparel,T Crew Tee,Balrna,Balerina,Custom
5Z108BLN,5Z10-2XL,5170-2XL,SanMar,M Eco Tee,White,White,Pick
5Z109BLN,5Z10-3XL,5170-3XL,SanMar,M Eco Tee,White,White,Pick
5Z106BLN,5Z10-L,5170-L,SanMar,M Eco Tee,White,White,Pick
5Z105BLN,5Z10-M,5170-M,SanMar,M Eco Tee,White,White,Pick
5Z104BLN,5Z10-S,5170-S,SanMar,M Eco Tee,White,White,Pick
5Z107BLN,5Z10-XL,5170-XL,SanMar,M Eco Tee,White,White,Pick
5Z103BLN,5Z10-YL,5370-YL,SanMar,B Eco Tee,White,White,Pick
5Z102BLN,5Z10-YM,5370-YM,SanMar,B Eco Tee,White,White,Pick
5Z101BLN,5Z10-YS,5370-YS,SanMar,B Eco Tee,White,White,Pick
5Z10YBLN,5Z10-YXL,5370-YXL,SanMar,B Eco Tee,White,White,Pick
5Z100BLN,5Z10-YXS,5370-YXS,SanMar,B Eco Tee,White,White,Pick
6C488BLN,6C48-2XL,6925-2XL,LAT Apparel,Crew Sweatshirt,Black,Black,Custom
6C486BLN,6C48-L,6925-L,LAT Apparel,Crew Sweatshirt,Black,Black,Custom
6C485BLN,6C48-M,6925-M,LAT Apparel,Crew Sweatshirt,Black,Black,Custom
6C484BLN,6C48-S,6925-S,LAT Apparel,Crew Sweatshirt,Black,Black,Custom
6C487BLN,6C48-XL,6925-XL,LAT Apparel,Crew Sweatshirt,Black,Black,Custom
6D483BLN,6D48-YL,2296-L,LAT Apparel,Y Hoodie,Black,Black,Custom
6D482BLN,6D48-YM,2296-M,LAT Apparel,Y Hoodie,Black,Black,Custom
6D481BLN,6D48-YS,2296-S,LAT Apparel,Y Hoodie,Black,Black,Custom
6D48YBLN,6D48-YXL,2296-XL,LAT Apparel,Y Hoodie,Black,Black,Custom
6D480BLN,6D48-YXS,2296-XS,LAT Apparel,Y Hoodie,Black,Black,Custom
6D933BLN,6D93-YL,2296-L,LAT Apparel,Y Hoodie,Natural Heather,Natural Heather,Custom
6D932BLN,6D93-YM,2296-M,LAT Apparel,Y Hoodie,Natural Heather,Natural Heather,Custom
6D931BLN,6D93-YS,2296-S,LAT Apparel,Y Hoodie,Natural Heather,Natural Heather,Custom
6D93YBLN,6D93-YXL,2296-XL,LAT Apparel,Y Hoodie,Natural Heather,Natural Heather,Custom
6D930BLN,6D93-YXS,2296-XS,LAT Apparel,Y Hoodie,Natural Heather,Natural Heather,Custom
6E933BLN,6E93-YL,2225-L,LAT Apparel,Y Crew Sweatshirt,Natural Heather,Natural Heather,Custom
6E932BLN,6E93-YM,2225-M,LAT Apparel,Y Crew Sweatshirt,Natural Heather,Natural Heather,Custom
6E931BLN,6E93-YS,2225-S,LAT Apparel,Y Crew Sweatshirt,Natural Heather,Natural Heather,Custom
6E93YBLN,6E93-YXL,2225-XL,LAT Apparel,Y Crew Sweatshirt,Natural Heather,Natural Heather,Custom
6E930BLN,6E93-YXS,2225-XS,LAT Apparel,Y Crew Sweatshirt,Natural Heather,Natural Heather,Custom
6F108BLN,6F10-2XL,PC380LS-2XL,SanMar,Unisex UV Sunshirt,White,White,Pick
6F109BLN,6F10-3XL,PC380LS-3XL,SanMar,Unisex UV Sunshirt,White,White,Pick
6F106BLN,6F10-L,PC380LS-L,SanMar,Unisex UV Sunshirt,White,White,Pick
6F105BLN,6F10-M,PC380LS-M,SanMar,Unisex UV Sunshirt,White,White,Pick
6F104BLN,6F10-S,PC380LS-S,SanMar,Unisex UV Sunshirt,White,White,Pick
6F107BLN,6F10-XL,PC380LS-XL,SanMar,Unisex UV Sunshirt,White,White,Pick
6F103BLN,6F10-YL,PC380YLS-L,SanMar,Youth UV Sunshirt,White,White,Pick
6F102BLN,6F10-YM,PC380YLS-M,SanMar,Youth UV Sunshirt,White,White,Pick
6F101BLN,6F10-YS,PC380YLS-S,SanMar,Youth UV Sunshirt,White,White,Pick
6F10YBLN,6F10-YXL,PC380YLS-XL,SanMar,Youth UV Sunshirt,White,White,Pick
6F100BLN,6F10-YXS,PC380YLS-XS,SanMar,Youth UV Sunshirt,White,White,Pick
6F198BLN,6F19-2XL,PC380LS-2XL,SanMar,Unisex UV Sunshirt,Gray,Silver,Pick
6F199BLN,6F19-3XL,PC380LS-3XL,SanMar,Unisex UV Sunshirt,Gray,Silver,Pick
6F196BLN,6F19-L,PC380LS-L,SanMar,Unisex UV Sunshirt,Gray,Silver,Pick
6F195BLN,6F19-M,PC380LS-M,SanMar,Unisex UV Sunshirt,Gray,Silver,Pick
6F194BLN,6F19-S,PC380LS-S,SanMar,Unisex UV Sunshirt,Gray,Silver,Pick
6F197BLN,6F19-XL,PC380LS-XL,SanMar,Unisex UV Sunshirt,Gray,Silver,Pick
6F193BLN,6F19-YL,PC380YLS-L,SanMar,Youth UV Sunshirt,Gray,Silver,Pick
6F192BLN,6F19-YM,PC380YLS-M,SanMar,Youth UV Sunshirt,Gray,Silver,Pick
6F191BLN,6F19-YS,PC380YLS-S,SanMar,Youth UV Sunshirt,Gray,Silver,Pick
6F19YBLN,6F19-YXL,PC380YLS-XL,SanMar,Youth UV Sunshirt,Gray,Silver,Pick
6F190BLN,6F19-YXS,PC380YLS-XS,SanMar,Youth UV Sunshirt,Gray,Silver,Pick
6G108BLN,6G10-2XL,PC380H-2XL,SanMar,Unisex UV Hoodshirt,White,White,Pick
6G109BLN,6G10-3XL,PC380H-3XL,SanMar,Unisex UV Hoodshirt,White,White,Pick
6G106BLN,6G10-L,PC380H-L,SanMar,Unisex UV Hoodshirt,White,White,Pick
6G105BLN,6G10-M,PC380H-M,SanMar,Unisex UV Hoodshirt,White,White,Pick
6G104BLN,6G10-S,PC380H-S,SanMar,Unisex UV Hoodshirt,White,White,Pick
6G107BLN,6G10-XL,PC380H-XL,SanMar,Unisex UV Hoodshirt,White,White,Pick
6G198BLN,6G19-2XL,PC380H-2XL,SanMar,Unisex UV Hoodshirt,Gray,Silver,Pick
6G199BLN,6G19-3XL,PC380H-3XL,SanMar,Unisex UV Hoodshirt,Gray,Silver,Pick
6G196BLN,6G19-L,PC380H-L,SanMar,Unisex UV Hoodshirt,Gray,Silver,Pick
6G195BLN,6G19-M,PC380H-M,SanMar,Unisex UV Hoodshirt,Gray,Silver,Pick
6G194BLN,6G19-S,PC380H-S,SanMar,Unisex UV Hoodshirt,Gray,Silver,Pick
6G197BLN,6G19-XL,PC380H-XL,SanMar,Unisex UV Hoodshirt,Gray,Silver,Pick
6H108BLN,6H10-2XL,3592-2XL,LAT Apparel,W Tank Top,White,White,Custom
6H106BLN,6H10-L,3592-L,LAT Apparel,W Tank Top,White,White,Custom
6H105BLN,6H10-M,3592-M,LAT Apparel,W Tank Top,White,White,Custom
6H104BLN,6H10-S,3592-S,LAT Apparel,W Tank Top,White,White,Custom
6H107BLN,6H10-XL,3592-XL,LAT Apparel,W Tank Top,White,White,Custom
74108BLN,7410-2XL,LPC54V-2XL,SanMar,W VNeck,White,White,Custom
74109BLN,7410-3XL,LPC54V-3XL,SanMar,W VNeck,White,White,Custom
74106BLN,7410-L,LPC54V-L,SanMar,W VNeck,White,White,Custom
74105BLN,7410-M,LPC54V-M,SanMar,W VNeck,White,White,Custom
74104BLN,7410-S,LPC54V-S,SanMar,W VNeck,White,White,Custom
74107BLN,7410-XL,LPC54V-XL,SanMar,W VNeck,White,White,Custom
6B938BLN,6B93-2XL,6926-2XL,LAT Apparel,M Hoodie,Natural Heather,Natural Heather,Custom
6B939BLN,6B93-3XL,6926-3XL,LAT Apparel,M Hoodie,Natural Heather,Natural Heather,Custom
6B936BLN,6B93-L,6926-L,LAT Apparel,M Hoodie,Natural Heather,Natural Heather,Custom
6B935BLN,6B93-M,6926-M,LAT Apparel,M Hoodie,Natural Heather,Natural Heather,Custom
6B934BLN,6B93-S,6926-S,LAT Apparel,M Hoodie,Natural Heather,Natural Heather,Custom
6B937BLN,6B93-XL,6926-XL,LAT Apparel,M Hoodie,Natural Heather,Natural Heather,Custom
6C938BLN,6C93-2XL,6925-2XL,LAT Apparel,M Crew,Natural Heather,Natural Heather,Custom
6C939BLN,6C93-3XL,6925-3XL,LAT Apparel,M Crew,Natural Heather,Natural Heather,Custom
6C936BLN,6C93-L,6925-L,LAT Apparel,M Crew,Natural Heather,Natural Heather,Custom
6C935BLN,6C93-M,6925-M,LAT Apparel,M Crew,Natural Heather,Natural Heather,Custom
6C934BLN,6C93-S,6925-S,LAT Apparel,M Crew,Natural Heather,Natural Heather,Custom
6C937BLN,6C93-XL,6925-XL,LAT Apparel,M Crew,Natural Heather,Natural Heather,Custom